Date,Price
11/24/2020,109.8
11/25/2020,109.9
11/26/2020,109.9
11/27/2020,110.05
11/30/2020,110.1
12/1/2020,110.25
12/2/2020,110.6
12/3/2020,110.9
12/4/2020,110.9
12/7/2020,111.4
12/8/2020,111.45
12/9/2020,111.4
12/10/2020,111.5
12/11/2020,111.5
12/14/2020,111.6
12/15/2020,111.6
12/16/2020,111.6
12/17/2020,111.6
12/18/2020,111.4
12/21/2020,111.05
12/22/2020,109.3
12/23/2020,108.8
12/24/2020,108.7
12/25/2020,108.7
12/28/2020,108.8
12/29/2020,109.05
12/30/2020,109.25
12/31/2020,109.2
1/1/2021,109.2
1/4/2021,109.3
1/5/2021,109.4
1/6/2021,109.5
1/7/2021,109.55
1/8/2021,109.55
1/11/2021,109.55
1/12/2021,109.7
1/13/2021,110
1/14/2021,109.95
1/15/2021,110.1
1/18/2021,110.1
1/19/2021,110.2
1/20/2021,110.2
1/21/2021,109.8
1/22/2021,110
1/25/2021,110.1
1/26/2021,110.1
1/27/2021,110.17
1/28/2021,110.15
1/29/2021,110.15
2/1/2021,110.15
2/2/2021,110
2/3/2021,109.9
2/4/2021,109.8
2/5/2021,109.65
2/8/2021,109.65
2/9/2021,109.55
2/10/2021,109.45
2/11/2021,109.45
2/12/2021,109.45
2/15/2021,109.45
2/16/2021,109.45
2/17/2021,109.55
2/18/2021,109.55
2/19/2021,109.6
2/22/2021,109.6
2/23/2021,109.7
2/24/2021,109.8
2/25/2021,109.8
2/26/2021,109.8
3/1/2021,109.8
3/2/2021,109.8
3/3/2021,109.7
3/4/2021,109.65
3/5/2021,109.65
3/8/2021,109.65
3/9/2021,109.65
3/10/2021,109.65
3/11/2021,109.65
3/12/2021,109.65
3/15/2021,109.65
3/16/2021,109.7
3/17/2021,109.8
3/18/2021,109.85
3/19/2021,109.85
3/22/2021,109.85
3/23/2021,109.85
3/24/2021,109.8
3/25/2021,109.75
3/26/2021,109.75
3/29/2021,109.7
3/30/2021,109.5
3/31/2021,109.35
4/1/2021,108.9
4/2/2021,108.9
4/5/2021,108.9
4/6/2021,108.6
4/7/2021,108.25
4/8/2021,108
4/9/2021,107.3
4/12/2021,107.1
4/13/2021,106.9
4/14/2021,106.8
4/15/2021,107.05
4/16/2021,107.5
4/19/2021,108
4/20/2021,108.1
4/21/2021,108.45
4/22/2021,108.55
4/23/2021,108.55
4/26/2021,108.1
4/27/2021,107.8
4/28/2021,107.85
4/29/2021,107.85
4/30/2021,107.85
5/3/2021,107.7
5/4/2021,107.25
5/5/2021,107
5/6/2021,106.8
5/7/2021,106.7
5/10/2021,106.55
5/11/2021,106.5
5/12/2021,107
5/13/2021,107.2
5/14/2021,107.2
5/17/2021,107.3
5/18/2021,107.5
5/19/2021,107.85
5/20/2021,108.25
5/21/2021,108.25
5/24/2021,108
5/25/2021,107.7
5/26/2021,107.6
5/27/2021,107.5
5/28/2021,107.6
5/31/2021,107.7
6/1/2021,107.7
6/2/2021,107.7
6/3/2021,107.8
6/4/2021,107.85
6/7/2021,107.9
6/8/2021,107.9
6/9/2021,107.9
6/10/2021,107.9
6/11/2021,107.8
6/14/2021,107.8
6/15/2021,107.75
6/16/2021,107.8
6/17/2021,107.8
6/18/2021,107.8
6/21/2021,107.8
6/22/2021,107.8
6/23/2021,107.75
6/24/2021,107.45
6/25/2021,107.75
6/28/2021,107.8
6/29/2021,107.85
6/30/2021,107.9
7/1/2021,107.95
7/2/2021,107.95
7/5/2021,107.95
7/6/2021,107.95
7/7/2021,107.95
7/8/2021,107.95
7/9/2021,107.95
7/12/2021,107.95
7/13/2021,108
7/14/2021,108.05
7/15/2021,108.2
7/16/2021,108.2
7/19/2021,108.2
7/20/2021,108.2
7/21/2021,108.2
7/22/2021,108.2
7/23/2021,108.3
7/26/2021,108.45
7/27/2021,108.5
7/28/2021,108.6
7/29/2021,108.6
7/30/2021,108.6
8/2/2021,108.65
8/3/2021,108.65
8/4/2021,108.7
8/5/2021,108.75
8/6/2021,108.8
8/9/2021,108.85
8/10/2021,109.05
8/11/2021,109.15
8/12/2021,109.2
8/13/2021,109.3
8/16/2021,109.4
8/17/2021,109.45
8/18/2021,109.5
8/19/2021,109.55
8/20/2021,109.55
8/23/2021,109.6
8/24/2021,109.65
8/25/2021,109.75
8/26/2021,109.8
8/27/2021,109.85
8/30/2021,109.85
8/31/2021,109.9
9/1/2021,109.9
9/2/2021,110
9/3/2021,110
9/6/2021,110.05
9/7/2021,110.06
9/8/2021,110.1
9/9/2021,109.85
9/10/2021,109.9
9/13/2021,109.9
9/14/2021,109.95
9/15/2021,110
9/16/2021,110.05
9/17/2021,110.15
9/20/2021,110.2
9/21/2021,110.3
9/22/2021,110.4
9/23/2021,110.4
9/24/2021,110.3
9/27/2021,110.4
9/28/2021,110.5
9/29/2021,110.46
9/30/2021,110.5
10/1/2021,110.55
10/4/2021,110.6
10/5/2021,110.65
10/6/2021,110.7
10/7/2021,110.75
10/8/2021,110.75
10/11/2021,110.75
10/12/2021,110.8
10/13/2021,110.85
10/14/2021,110.85
10/15/2021,110.9
10/18/2021,110.95
10/19/2021,111.05
10/20/2021,111.05
10/21/2021,111
10/22/2021,111.1
10/25/2021,111.15
10/26/2021,111.15
10/27/2021,111.1
10/28/2021,111.2
10/29/2021,111.3
11/1/2021,111.3
11/2/2021,111.35
11/3/2021,111.35
11/4/2021,111.6
11/5/2021,111.6
11/8/2021,111.65
11/9/2021,111.8
11/10/2021,111.8
11/11/2021,111.9
11/12/2021,111.85
11/15/2021,111.95
11/16/2021,112
11/17/2021,112
11/18/2021,112.2
11/19/2021,112.1
11/22/2021,112.3
11/23/2021,112.35
11/24/2021,112.4
11/25/2021,112.4
11/26/2021,112.55
11/29/2021,112.55
11/30/2021,112.55
12/1/2021,112.6
12/2/2021,112.65
12/3/2021,112.7
12/6/2021,112.75
12/7/2021,112.85
12/8/2021,112.9
12/9/2021,112.9
12/10/2021,112.9
12/13/2021,112.9
12/14/2021,112.9
12/15/2021,112.9
12/16/2021,113
12/17/2021,113
12/20/2021,113.05
12/21/2021,112.95
12/22/2021,113.05
12/23/2021,113.1
12/24/2021,113.1
12/27/2021,113.1
12/28/2021,113.1
12/29/2021,113.15
12/30/2021,113.15
12/31/2021,113.15
1/3/2022,113.15
1/4/2022,113.15
1/5/2022,113.25
1/6/2022,113.15
1/7/2022,113.3
1/10/2022,113.3
1/11/2022,113.35
1/12/2022,113.25
1/13/2022,113.35
1/14/2022,113.45
1/17/2022,113.45
1/18/2022,113.5
1/19/2022,113.45
1/20/2022,113.55
1/21/2022,113.6
1/24/2022,113.6
1/25/2022,113.65
1/26/2022,113.55
1/27/2022,113.65
1/28/2022,113.55
1/31/2022,113.6
2/1/2022,113.6
2/2/2022,113.55
2/3/2022,113.55
2/4/2022,113.6
2/7/2022,113.65
2/8/2022,113.6
2/9/2022,113.65
2/10/2022,113.65
2/11/2022,113.6
2/14/2022,113.65
2/15/2022,113.65
2/16/2022,113.6
2/17/2022,113.6
2/18/2022,113.7
2/21/2022,113.7
2/22/2022,113.7
2/23/2022,113.8
2/24/2022,113.85
2/25/2022,113.85
2/28/2022,113.85
3/1/2022,113.85
3/2/2022,113.9
3/3/2022,113.95
3/4/2022,114
3/7/2022,114.05
3/8/2022,114.1
3/9/2022,114.1
3/10/2022,114.1
3/11/2022,114.2
3/14/2022,114.25
3/15/2022,114.25
3/16/2022,114.35
3/17/2022,114.4
3/18/2022,114.4
3/21/2022,114.45
3/22/2022,114.55
3/23/2022,114.55
3/24/2022,114.6
3/25/2022,114.8
3/28/2022,114.8
3/29/2022,114.9
3/30/2022,114.95
3/31/2022,115
4/1/2022,115.05
4/4/2022,115.1
4/5/2022,115.15
4/6/2022,115.3
4/7/2022,115.3
4/8/2022,115.35
4/11/2022,115.45
4/12/2022,115.45
4/13/2022,115.45
4/14/2022,115.5
4/15/2022,115.5
4/18/2022,115.5
4/19/2022,115.4
4/20/2022,115.55
4/21/2022,115.6
4/22/2022,115.7
4/25/2022,115.7
4/26/2022,115.75
4/27/2022,115.75
4/28/2022,115.8
4/29/2022,115.8
5/2/2022,115.8
5/3/2022,115.8
5/4/2022,115.85
5/5/2022,115.85
5/6/2022,115.95
5/9/2022,116
5/10/2022,116.05
5/11/2022,116.1
5/12/2022,116.15
5/13/2022,116.2
5/16/2022,116.2
5/17/2022,116.35
5/18/2022,116.35
5/19/2022,116.4
5/20/2022,116.45
5/23/2022,116.5
5/24/2022,116.6
5/25/2022,116.6
5/26/2022,116.65
5/27/2022,116.7
5/30/2022,116.7
5/31/2022,116.8
6/1/2022,116.8
6/2/2022,116.85
6/3/2022,116.75
6/6/2022,116.9
6/7/2022,116.9
6/8/2022,117.05
6/9/2022,117.1
6/10/2022,117
6/13/2022,117.2
6/14/2022,117.2
6/15/2022,117.3
6/16/2022,117.35
6/17/2022,117.35
6/20/2022,117.4
6/21/2022,117.5
6/22/2022,117.6
6/23/2022,117.6
6/24/2022,117.75
6/27/2022,117.75
6/28/2022,117.8
6/29/2022,117.8
6/30/2022,117.9
7/1/2022,117.9
7/4/2022,117.95
7/5/2022,118
7/6/2022,118.05
7/7/2022,118.1
7/8/2022,118.1
7/11/2022,118.1
7/12/2022,118.15
7/13/2022,118.2
7/14/2022,118.2
7/15/2022,118.25
7/18/2022,118.4
7/19/2022,118.55
7/20/2022,118.55
7/21/2022,118.6
7/22/2022,118.65
7/25/2022,118.7
7/26/2022,118.6
7/27/2022,118.75
7/28/2022,118.8
7/29/2022,118.9
8/1/2022,119
8/2/2022,119
8/3/2022,118.95
8/4/2022,119.15
8/5/2022,119.1
8/8/2022,119.2
8/9/2022,119.2
8/10/2022,119.25
8/11/2022,119.3
8/12/2022,119.45
8/15/2022,119.4
8/16/2022,119.5
8/17/2022,119.5
8/18/2022,119.55
8/19/2022,119.7
8/22/2022,119.75
8/23/2022,119.85
8/24/2022,119.85
8/25/2022,119.9
8/26/2022,119.9
8/29/2022,120
8/30/2022,120.1
8/31/2022,120.2
9/1/2022,120.15
9/2/2022,120.15
9/5/2022,120.2
9/6/2022,120.25
9/7/2022,120.25
9/8/2022,120.3
9/9/2022,120.3
9/12/2022,120.4
9/13/2022,120.4
9/14/2022,120.4
9/15/2022,120.4
9/16/2022,120.4
9/19/2022,120.5
9/20/2022,120.55
9/21/2022,120.4
9/22/2022,120.6
9/23/2022,120.5
9/26/2022,120.65
9/27/2022,120.7
9/28/2022,120.6
9/29/2022,120.7
9/30/2022,120.75
10/3/2022,120.75
10/4/2022,120.8
10/5/2022,120.8
10/6/2022,120.85
10/7/2022,120.85
10/10/2022,120.85
10/11/2022,120.9
10/12/2022,120.9
10/13/2022,121
10/14/2022,121
10/17/2022,121.05
10/18/2022,121.15
10/19/2022,121.2
10/20/2022,121.2
10/21/2022,121.2
10/24/2022,121.2
10/25/2022,121.25
10/26/2022,121.25
10/27/2022,121.3
10/28/2022,121.4
10/31/2022,121.35
11/1/2022,121.35
11/2/2022,121.45
11/3/2022,121.55
11/4/2022,121.5
11/7/2022,121.65
11/8/2022,121.7
11/9/2022,121.8
11/10/2022,121.8
11/11/2022,121.9
11/14/2022,121.9
11/15/2022,122
11/16/2022,122
11/17/2022,122
11/18/2022,122.1
11/21/2022,122.2
11/22/2022,122.15
11/23/2022,122.3
11/24/2022,122.25
11/25/2022,122.35
11/28/2022,122.45
11/29/2022,122.45
11/30/2022,122.45
12/1/2022,122.55
12/2/2022,122.45
12/5/2022,122.7
12/6/2022,122.7
12/7/2022,122.8
12/8/2022,122.85
12/9/2022,122.85
12/12/2022,122.8
12/13/2022,122.9
12/14/2022,122.85
12/15/2022,123
12/16/2022,123.05
12/19/2022,123.1
12/20/2022,123.2
12/21/2022,123.15
12/22/2022,123.1
12/23/2022,123.25
12/26/2022,123.25
12/27/2022,123.25
12/28/2022,123.25
12/29/2022,123.4
12/30/2022,123.4
1/2/2023,123.4
1/3/2023,123.5
1/4/2023,123.4
1/5/2023,123.6
1/6/2023,123.55
1/9/2023,123.65
1/10/2023,123.7
1/11/2023,123.85
1/12/2023,123.8
1/13/2023,123.85
1/16/2023,123.9
1/17/2023,123.95
1/18/2023,124.05
1/19/2023,124.05
1/20/2023,124.1
1/23/2023,124.15
1/24/2023,124.3
1/25/2023,124.2
1/26/2023,124.35
1/27/2023,124.4
1/30/2023,124.45
1/31/2023,124.5
2/1/2023,124.5
2/2/2023,124.55
2/3/2023,124.75
2/6/2023,124.9
2/7/2023,124.9
2/8/2023,125
2/9/2023,125.2
2/10/2023,125.2
2/13/2023,125.25
2/14/2023,125.1
2/15/2023,125.5
2/16/2023,125.65
2/17/2023,125.6
2/20/2023,126.1
2/21/2023,126.05
2/22/2023,126.1
2/23/2023,126.3
2/24/2023,126.65
2/27/2023,126.9
2/28/2023,126.95
3/1/2023,127.2
3/2/2023,127.4
3/3/2023,127.6
3/6/2023,128.1
3/7/2023,128.45
3/8/2023,128.4
3/9/2023,128.65
3/10/2023,129.6
3/13/2023,129.5
3/14/2023,129.5
3/15/2023,129.8
3/16/2023,129.8
3/17/2023,130
3/20/2023,130
3/21/2023,130.5
3/22/2023,130.9
3/23/2023,131.3
3/24/2023,131.4
3/27/2023,131.55
3/28/2023,131.8
3/29/2023,132.1
3/30/2023,132.2
3/31/2023,132.5
4/3/2023,132.6
4/4/2023,132.9
4/5/2023,133.2
4/6/2023,133.6
4/7/2023,133.6
4/10/2023,133.6
4/11/2023,133.65
4/12/2023,133.9
4/13/2023,134.4
4/14/2023,134.55
4/17/2023,134.75
4/18/2023,135
4/19/2023,135.2
4/20/2023,135.35
4/21/2023,135.35
4/24/2023,135.45
4/25/2023,135.7
4/26/2023,135.85
4/27/2023,135.9
4/28/2023,136
5/1/2023,136
5/2/2023,136.15
5/3/2023,136.2
5/4/2023,136.45
5/5/2023,136.45
5/8/2023,136.6
5/9/2023,136.7
5/10/2023,136.75
5/11/2023,136.9
5/12/2023,137
5/15/2023,137.1
5/16/2023,137.25
5/17/2023,137.2
5/18/2023,137.5
5/19/2023,137.5
5/22/2023,137.8
5/23/2023,138
5/24/2023,138.1
5/25/2023,138.3
5/26/2023,138.35
5/29/2023,138.45
5/30/2023,138.45
5/31/2023,138.6
6/1/2023,138.6
6/2/2023,138.8
6/5/2023,138.9
6/6/2023,138.9
6/7/2023,139.15
6/8/2023,139.25
6/9/2023,139.4
6/12/2023,139.445
6/13/2023,139.65
6/14/2023,139.7
6/15/2023,139.9
6/16/2023,140.1
6/19/2023,140.15
6/20/2023,140.2
6/21/2023,140.3
6/22/2023,140.4
6/23/2023,140.45
6/26/2023,140.45
6/27/2023,140.45
6/28/2023,140.45
6/29/2023,140.5
6/30/2023,140.6
7/3/2023,140.7
7/4/2023,140.75
7/5/2023,140.8
7/6/2023,140.95
7/7/2023,140.95
7/10/2023,141.1
7/11/2023,141.2
7/12/2023,141.2
7/13/2023,141.4
7/14/2023,141.45
7/17/2023,141.55
7/18/2023,141.6
7/19/2023,141.75
7/20/2023,141.8
7/21/2023,141.85
7/24/2023,142.05
7/25/2023,142.15
7/26/2023,142.25
7/27/2023,142.35
7/28/2023,142.4
7/31/2023,142.6
8/1/2023,142.7
8/2/2023,142.75
8/3/2023,142.8
8/4/2023,143
8/7/2023,143.2
8/8/2023,143.35
8/9/2023,143.5
8/10/2023,143.6
8/11/2023,143.6
8/14/2023,143.7
8/15/2023,143.9
8/16/2023,144.05
8/17/2023,144.3
8/18/2023,144.3
8/21/2023,144.4
8/22/2023,144.45
8/23/2023,144.75
8/24/2023,144.85
8/25/2023,145
8/28/2023,145.2
8/29/2023,145.3
8/30/2023,145.4
8/31/2023,145.5
9/1/2023,145.7
9/4/2023,145.8
9/5/2023,145.95
9/6/2023,146.05
9/7/2023,146.2
9/8/2023,146.25
9/11/2023,146.4
9/12/2023,146.55
9/13/2023,146.7
9/14/2023,146.8
9/15/2023,146.9
9/18/2023,147.05
9/19/2023,147.1
9/20/2023,147.25
9/21/2023,147.4
9/22/2023,147.4
9/25/2023,147.7
9/26/2023,147.8
9/27/2023,147.95
9/28/2023,148.1
9/29/2023,148.2
10/2/2023,148.35
10/3/2023,148.5
10/4/2023,148.65
10/5/2023,148.7
10/6/2023,148.8
10/9/2023,148.9
10/10/2023,148.9
10/11/2023,149
10/12/2023,149.15
10/13/2023,149.3
10/16/2023,149.3
10/17/2023,149.65
10/18/2023,149.9
10/19/2023,149.8
10/20/2023,149.8
10/23/2023,150.1
10/24/2023,150.2
10/25/2023,150.2
10/26/2023,150.3
10/27/2023,150.4
10/30/2023,150.6
10/31/2023,150.55
11/1/2023,150.9
11/2/2023,150.85
11/3/2023,151.2
11/6/2023,151.3
11/7/2023,151.45
11/8/2023,151.5
11/9/2023,151.5
11/10/2023,151.65
11/13/2023,151.65
11/14/2023,152
11/15/2023,152.1
11/16/2023,152.3
11/17/2023,152.4
11/20/2023,152.45
11/21/2023,152.6
11/22/2023,152.8
11/23/2023,152.85
11/24/2023,152.8
11/27/2023,153
11/28/2023,153.1
11/29/2023,153.2
11/30/2023,153.25
12/1/2023,153.25
12/4/2023,153.3
12/5/2023,153.35
12/6/2023,153.35
12/7/2023,153.35
12/8/2023,153.3
12/11/2023,153.4
12/12/2023,153.4
12/13/2023,153.4
12/14/2023,153.4
12/15/2023,153.8
12/18/2023,153.9
12/19/2023,153.9
12/20/2023,154.1
12/21/2023,155.8
12/22/2023,156
12/25/2023,156
12/26/2023,156
12/27/2023,156.5
12/28/2023,157
12/29/2023,157
1/1/2024,157
1/2/2024,157.35
1/3/2024,156.85
1/4/2024,157.5
1/5/2024,157.5
1/8/2024,158
1/9/2024,158.25
1/10/2024,158.2
1/11/2024,158.75
1/12/2024,159.5
1/15/2024,160
1/16/2024,159.95
1/17/2024,161
1/18/2024,161.75
1/19/2024,162
1/22/2024,162.5
1/23/2024,163
1/24/2024,163.25
1/25/2024,163.5
1/26/2024,162.5
1/29/2024,161.5
1/30/2024,161.5
1/31/2024,160.5
2/1/2024,160.5
2/2/2024,160.5
2/5/2024,160.5
2/6/2024,160.5
2/7/2024,160.5
2/8/2024,160.5
2/9/2024,159.5
2/12/2024,158
2/13/2024,156
2/14/2024,150.5
2/15/2024,145.5
2/16/2024,144.5
2/19/2024,145.5
2/20/2024,145.5
2/21/2024,146
2/22/2024,146.5
2/23/2024,145.5
2/26/2024,145.5
2/27/2024,146.5
2/28/2024,146.5
2/29/2024,147
3/1/2024,146
3/4/2024,144.5
3/5/2024,143
3/6/2024,143
3/7/2024,142.5
3/8/2024,140
3/11/2024,139.2
3/12/2024,139
3/13/2024,137.5
3/14/2024,134.5
3/15/2024,134.5
3/18/2024,134
3/19/2024,132.5
3/20/2024,132.5
3/21/2024,132.5
3/22/2024,132.5
3/25/2024,132
3/26/2024,131.5
3/27/2024,132
3/28/2024,131.75
3/29/2024,131.75
4/1/2024,131.75
4/2/2024,131.5
4/3/2024,131
4/4/2024,130
4/5/2024,130
4/8/2024,130
4/9/2024,130
4/10/2024,130
4/11/2024,130
4/12/2024,130
4/15/2024,131
4/16/2024,131.5
4/17/2024,132.5
4/18/2024,133.25
4/19/2024,133.5
4/22/2024,134
4/23/2024,134.5
4/24/2024,134.5
4/25/2024,135
4/26/2024,135
4/29/2024,135
4/30/2024,135
5/1/2024,135
5/2/2024,135
5/3/2024,134.5
5/6/2024,134
5/7/2024,133.5
5/8/2024,131.5
5/9/2024,131
5/10/2024,131
5/13/2024,130.75
5/14/2024,130.5
5/15/2024,130.5
5/16/2024,131
5/17/2024,131.5
5/20/2024,131.5
5/21/2024,131.5
5/22/2024,132
5/23/2024,132.75
5/24/2024,133
5/27/2024,133
5/28/2024,132.5
5/29/2024,131.5
5/30/2024,130.25
5/31/2024,130.5
6/3/2024,130.5
6/4/2024,130.75
6/5/2024,130.5
6/6/2024,130.25
6/7/2024,129.5
6/10/2024,129.5
6/11/2024,129.5
6/12/2024,128.5
6/13/2024,128.5
6/14/2024,129
6/17/2024,129
6/18/2024,128.5
6/19/2024,128.5
6/20/2024,128.5
6/21/2024,128.5
6/24/2024,128.5
6/25/2024,128.5
6/26/2024,128.5
6/27/2024,129.25
6/28/2024,129.25
7/1/2024,128.5
7/2/2024,128.5
7/3/2024,128.5
7/4/2024,128.25
7/5/2024,128.25
7/8/2024,128.25
7/9/2024,128.25
7/10/2024,128.5
7/11/2024,129
7/12/2024,129
7/15/2024,129.25
7/16/2024,130
7/17/2024,130.25
7/18/2024,131
7/19/2024,131
7/22/2024,131
7/23/2024,132.5
7/24/2024,133
7/25/2024,133
7/26/2024,131.25
7/29/2024,130.5
7/30/2024,130
7/31/2024,129
8/1/2024,129.5
8/2/2024,130
8/5/2024,129.75
8/6/2024,129.5
8/7/2024,129
8/8/2024,129.25
8/9/2024,129.25
8/12/2024,129
8/13/2024,129
8/14/2024,129
8/15/2024,129
8/16/2024,129
8/19/2024,129
8/20/2024,129
8/21/2024,129
8/22/2024,129
8/23/2024,129
8/26/2024,128.75
8/27/2024,129
8/28/2024,128.75
8/29/2024,128.75
8/30/2024,128.75
9/2/2024,128.75
9/3/2024,129
9/4/2024,128.75
9/5/2024,128.75
9/6/2024,128.75
9/9/2024,128.75
9/10/2024,129
9/11/2024,129
9/12/2024,128.8
9/13/2024,129
9/16/2024,129
9/17/2024,129
9/18/2024,129
9/19/2024,129
9/20/2024,129
9/23/2024,129
9/24/2024,129
9/25/2024,129
9/26/2024,129
9/27/2024,129
9/30/2024,129
10/1/2024,129
10/2/2024,129
10/3/2024,129
10/4/2024,129
10/7/2024,129
10/8/2024,129
10/9/2024,129
10/10/2024,129
10/11/2024,129
10/14/2024,129
10/15/2024,129
10/16/2024,129
10/17/2024,129
10/18/2024,129
10/21/2024,129
10/22/2024,129
10/23/2024,129
10/24/2024,129
10/25/2024,129
10/28/2024,129
10/29/2024,129.15
10/30/2024,129
10/31/2024,129
11/1/2024,129
11/4/2024,129
11/5/2024,129
11/6/2024,129
11/7/2024,129
11/8/2024,129
11/11/2024,129
11/12/2024,129
11/13/2024,129.25
11/14/2024,129.25
11/15/2024,129.5
11/18/2024,129.25
11/19/2024,129.25
11/20/2024,129.5
11/21/2024,129.5
11/22/2024,129.5
11/25/2024,129.5
11/26/2024,129.5
11/27/2024,129.5
11/28/2024,129.7
11/29/2024,129.75
12/2/2024,129.75
12/3/2024,129.5
12/4/2024,129.5
12/5/2024,129.25
12/6/2024,129.25
12/9/2024,129.25
12/10/2024,129.25
12/11/2024,129.5
12/12/2024,129.5
12/13/2024,129.25
12/16/2024,129.25
12/17/2024,129.25
12/18/2024,129.25
12/19/2024,129.25
12/20/2024,129.25
12/23/2024,129.25
12/24/2024,129.25
12/25/2024,129.25
12/26/2024,129.25
12/27/2024,129.25
12/30/2024,129.25
12/31/2024,129.35
1/1/2025,129.35
1/2/2025,129.25
1/3/2025,129.25
1/6/2025,129.3
1/7/2025,129.4
1/8/2025,129.25
1/9/2025,129.5
1/10/2025,129.425
1/13/2025,129.5
1/14/2025,129.5
1/15/2025,129.5
1/16/2025,129.5
1/17/2025,129.5
1/20/2025,129.35
1/21/2025,129.35
1/22/2025,129.35
1/23/2025,129.25
1/24/2025,129.25
1/27/2025,129.25
1/28/2025,129.2
1/29/2025,129.2
1/30/2025,129.1
1/31/2025,129.2
2/3/2025,129.2
2/4/2025,129.15
2/5/2025,129.2
2/6/2025,129.1
2/7/2025,129.1
2/10/2025,129.15
2/11/2025,129.15
2/12/2025,129.1
2/13/2025,129.15
2/14/2025,129.35
2/17/2025,129.15
2/18/2025,129.25
2/19/2025,129.45
2/20/2025,129.5
2/21/2025,129.45
2/24/2025,129.4
2/25/2025,129.4
2/26/2025,129.4
2/27/2025,129.25
2/28/2025,129.2
3/3/2025,129.2
3/4/2025,129.2
3/5/2025,129.2
3/6/2025,129.15
3/7/2025,129.15
3/10/2025,129.15
3/11/2025,129.15
3/12/2025,129.3
3/13/2025,129.45
3/14/2025,129.45
3/17/2025,129.45
3/18/2025,129.4
3/19/2025,129.35
3/20/2025,129.4
3/21/2025,129.35
3/24/2025,129.35
3/25/2025,129.35
3/26/2025,129.35
3/27/2025,129.35
3/28/2025,129.3
3/31/2025,129.3
4/1/2025,129.25
4/2/2025,129.25
4/3/2025,129.25
4/4/2025,129.25
4/7/2025,129.55
4/8/2025,129.5
4/9/2025,129.6
4/10/2025,129.5
4/11/2025,129.7
4/14/2025,129.65
4/15/2025,129.7
4/16/2025,129.7
4/17/2025,129.7
4/18/2025,129.7
4/21/2025,129.7
4/22/2025,129.75
4/23/2025,129.4
4/24/2025,129.35
4/25/2025,129.35
4/28/2025,129.25
4/29/2025,129.25
4/30/2025,129.4
5/1/2025,129.4
5/2/2025,129.25
5/5/2025,129.25
5/6/2025,129.15
5/7/2025,129.25
5/8/2025,129.25
5/9/2025,129.25
5/12/2025,129.25
5/13/2025,129.25
5/14/2025,129.25
5/15/2025,129.25
5/16/2025,129.25
5/19/2025,129.2
5/20/2025,129.2
5/21/2025,129.2
5/22/2025,129.2
5/23/2025,129.25
5/26/2025,129.2
5/27/2025,129.2
5/28/2025,129.25
5/29/2025,129.25
5/30/2025,129.2
6/2/2025,129.2
6/3/2025,129.25
6/4/2025,129.25
6/5/2025,129.25
6/6/2025,129.25
6/9/2025,129.2
6/10/2025,129.2
6/11/2025,129.2
6/12/2025,129.2
6/13/2025,129.2
6/16/2025,129.3
6/17/2025,129.2
6/18/2025,129.2
6/19/2025,129.2
6/20/2025,129.2
6/23/2025,129.2
6/24/2025,129.2
6/25/2025,129.25
6/26/2025,129.25
6/27/2025,129.25
6/30/2025,129.25
7/1/2025,129.25
7/2/2025,129.2
7/3/2025,129.2
7/4/2025,129.2
7/7/2025,129.2
7/8/2025,129.2
7/9/2025,129.2
7/10/2025,129.2
7/11/2025,129.2
7/14/2025,129.2
7/15/2025,129.2
7/16/2025,129.25
7/17/2025,129.2
7/18/2025,129.2
7/21/2025,129.2
7/22/2025,129.2
7/23/2025,129.2
7/24/2025,129.2
7/25/2025,129.2
7/28/2025,129.2
7/29/2025,129.2
7/30/2025,129.2
7/31/2025,129.2
8/1/2025,129.2
8/4/2025,129.2
8/5/2025,129.2
8/6/2025,129.2
8/7/2025,129.5
8/8/2025,129.2
8/11/2025,129.2
8/12/2025,129.2
8/13/2025,129.2
8/14/2025,129.2
8/15/2025,129.2
8/18/2025,129.2
8/19/2025,129.2
8/20/2025,129.2
8/21/2025,129.2
8/22/2025,129.2
8/25/2025,129.2
8/26/2025,129.2
8/27/2025,129.2
8/28/2025,129.2
8/29/2025,129.2
9/1/2025,129.2
9/2/2025,129.2
9/3/2025,129.2
9/4/2025,129.15
9/5/2025,129.2
9/8/2025,129.15
9/9/2025,129.2
9/10/2025,129.2
9/11/2025,129.2
9/12/2025,129.2
9/15/2025,129.2
9/16/2025,129.15
9/17/2025,129.2
9/18/2025,129.2
9/19/2025,129.2
9/22/2025,129.2
9/23/2025,129.15
9/24/2025,129.15
9/25/2025,129.2
9/26/2025,129.2
9/29/2025,129.2
9/30/2025,129.15
10/1/2025,129.2
10/2/2025,129.15
10/3/2025,129.2
10/6/2025,129.2
10/7/2025,129.2
10/8/2025,129.15
10/9/2025,129.15
10/10/2025,129.15
10/13/2025,129.15
10/14/2025,129.2
10/15/2025,129.15
10/16/2025,129.15
10/17/2025,129.15
10/20/2025,129.15
10/21/2025,129.2
10/22/2025,129.15
10/23/2025,129.15
10/24/2025,129.15
10/27/2025,129.15
10/28/2025,129.15
10/29/2025,129.15
10/30/2025,129.2
10/31/2025,129.15
11/3/2025,129.15
11/4/2025,129.25
11/5/2025,129.2
11/6/2025,129.15
11/7/2025,129.2
11/10/2025,129.15
11/11/2025,129.25
11/12/2025,129.15
11/13/2025,129.2
11/14/2025,129.25
11/17/2025,129.5
11/18/2025,129.75
11/19/2025,130.15
11/20/2025,129.65
11/21/2025,129.45
11/24/2025,129.6
